num_ops,num_joints,threads_per_block,cpu_ms,omp_ms,gpu_pinned_kernel_ms,gpu_pinned_xfer_ms,gpu_pinned_total_ms,cpu_gflops,omp_gflops,gpu_pinned_gflops,speedup,correct,cpu_power_w,omp_power_w,gpu_pinned_power_w
500000,2,64,34.507000,23.031000,0.455040,11.438721,11.893761,1.854696,2.778863,140.646974,2.901269,1,0.000000,0.000000,0.000000
500000,4,64,51.007000,9.374000,0.487712,18.988705,19.476417,3.764189,20.482185,393.674959,2.618911,1,0.000000,0.000000,0.000000
